strategy,accuracy,f1_score,precision_at_top10
Full_Model,0.5462068965517242,0.35325602140945583,0.5491379310344827
Abl_NoCorrelation,0.5462068965517242,0.35325602140945583,0.5491379310344827
Abl_NoFundSim,0.5462068965517242,0.35325602140945583,0.5491379310344827
Abl_NoStatic,0.5462068965517242,0.35325602140945583,0.5491379310344827
Abl_OnlyCorrelation,0.5462068965517242,0.35325602140945583,0.5491379310344827
Abl_OnlyFundSim,0.5462068965517242,0.35325602140945583,0.5491379310344827
