{
  "GCN": {
    "accuracy": 0.4948850574712644,
    "f1_score": 0.4905286007878726,
    "precision": 0.4918201264833255,
    "recall": 0.4919794855049566,
    "roc_auc": 0.49636072530814673
  },
  "GAT": {
    "accuracy": 0.5023563218390804,
    "f1_score": 0.5009884391147396,
    "precision": 0.5053518650948874,
    "recall": 0.5052483147619523,
    "roc_auc": 0.5118344957034371
  },
  "GraphSAGE": {
    "accuracy": 0.48660919540229886,
    "f1_score": 0.4850449386120613,
    "precision": 0.48936317138578095,
    "recall": 0.4895863006589516,
    "roc_auc": 0.48578571108053237
  },
  "HGT": {
    "accuracy": 0.48,
    "f1_score": 0.43658669346397017,
    "precision": 0.48740832001753537,
    "recall": 0.491853991905289,
    "roc_auc": 0.4962980942956275
  },
  "Logistic Regression": {
    "accuracy": 0.5024712643678161,
    "f1_score": 0.5015575107590469,
    "precision": 0.5015622203984674,
    "recall": 0.5015614349427933,
    "roc_auc": 0.5044927132131759
  },
  "MLP": {
    "accuracy": 0.5187931034482759,
    "f1_score": 0.37041900128764244,
    "precision": 0.5016964285714286,
    "recall": 0.5002262814946292,
    "roc_auc": 0.5051947085435463
  },
  "LSTM": {
    "accuracy": 0.5204022988505748,
    "f1_score": 0.3478114376230079,
    "precision": 0.5309754969949145,
    "recall": 0.5006809088062949,
    "roc_auc": 0.5022024335158835
  }
}