strategy,final_value,total_days,Cumulative_Return,Sharpe_Ratio,Max_Drawdown
Core_GNN_RL,14551.495671495284,521,0.4551495671495285,1.981737993738568,0.06851418177852903
