strategy,final_value,total_days,Cumulative_Return,Sharpe_Ratio,Max_Drawdown
Core_GNN_RL,14635.704208979376,521,0.46357042089793765,1.8292481027358185,0.08225029743551544
