{
  "episode_returns": [
    164.51309204101562,
    -86.5296630859375,
    -130.59738159179688,
    -580.6328125,
    151.5937042236328,
    140.9559783935547,
    -107.6239013671875,
    10.534663200378418,
    -14.941753387451172,
    -51.27993392944336,
    -33.95410919189453,
    3414.401611328125,
    -5.258862495422363,
    -291.4064636230469,
    -450.55853271484375,
    -70.85375213623047,
    -21.49505615234375,
    105.44076538085938,
    78.90901184082031,
    -9.031451225280762,
    187.49432373046875,
    3005.721923828125,
    146.11224365234375,
    -41.51138687133789,
    362.0570983886719,
    109.35701751708984,
    -417.5620422363281,
    130.40968322753906,
    55.745609283447266,
    859.3670043945312,
    2930.9609375,
    856.6802368164062,
    23.248140335083008
  ],
  "episode_lengths": [
    464,
    464,
    464,
    464,
    464,
    464,
    464,
    464,
    464,
    464,
    464,
    464,
    464,
    464,
    464,
    464,
    464,
    464,
    464,
    464,
    464,
    464,
    464,
    464,
    464,
    464,
    464,
    464,
    464,
    464,
    464,
    464,
    464
  ],
  "sector_performance": {
    "Financials": [
      33.23834228515625,
      -6.416523456573486,
      -38.6402587890625,
      -177.5535125732422,
      118.13133239746094,
      25.227628707885742,
      -135.58433532714844,
      12.77192497253418,
      2.8152151107788086,
      -56.06673049926758,
      -59.20471954345703,
      3490.442138671875,
      7.787076950073242,
      -132.11187744140625,
      38.22931671142578,
      21.95045280456543,
      -12.88700008392334,
      -19.212888717651367,
      -112.1456069946289,
      29.571550369262695,
      -27.369428634643555,
      2901.64111328125,
      60.6671142578125,
      29.340171813964844,
      460.3760986328125,
      43.013126373291016,
      -3.1407761573791504,
      13.725351333618164,
      6.182374000549316,
      14.266878128051758,
      765.4779663085938,
      45.56037521362305,
      58.973472595214844
    ],
    "Technology": [
      -4.62684965133667,
      -41.12688064575195,
      -29.43575668334961,
      -0.6183574199676514,
      -12.3424711227417,
      19.38519859313965,
      4.51109504699707,
      -8.010587692260742,
      -25.04682731628418,
      -50.08328628540039,
      8.004674911499023,
      -4.263063907623291,
      -1.1423479318618774,
      -225.22491455078125,
      -493.392822265625,
      -58.99428939819336,
      4.549488544464111,
      -26.537137985229492,
      1.5880197286605835,
      -67.6084213256836,
      120.99005889892578,
      16.557880401611328,
      0.8657064437866211,
      -16.734546661376953,
      -106.81571960449219,
      -4.023069381713867,
      -4.439360618591309,
      -12.79080581665039,
      -39.278099060058594,
      4.2490363121032715,
      -9.950115203857422,
      -0.7398141622543335,
      -105.94561767578125
    ],
    "Consumer Discretionary": [
      12.458609580993652,
      2.2350597381591797,
      4.6060380935668945,
      -144.98338317871094,
      5.538199424743652,
      9.72468090057373,
      2.8127870559692383,
      13.023329734802246,
      -56.72949981689453,
      25.106359481811523,
      8.430906295776367,
      32.36795425415039,
      12.389832496643066,
      37.41278839111328,
      14.65783405303955,
      -6.929114818572998,
      18.96889305114746,
      62.413875579833984,
      172.05441284179688,
      16.49388885498047,
      0.4526870846748352,
      13.141721725463867,
      68.53913879394531,
      19.508502960205078,
      45.037662506103516,
      40.02671432495117,
      -0.7224941253662109,
      32.197853088378906,
      4.348190784454346,
      20.857454299926758,
      832.5648803710938,
      36.43226623535156,
      41.07101821899414
    ],
    "Energy": [
      -37.260955810546875,
      -14.362180709838867,
      -3.8702142238616943,
      -149.2205810546875,
      6.739864826202393,
      57.11410903930664,
      -8.989448547363281,
      -32.20536422729492,
      41.618038177490234,
      20.386638641357422,
      39.192684173583984,
      -107.66754150390625,
      -30.0311279296875,
      -27.560638427734375,
      -15.124767303466797,
      -35.99890899658203,
      -27.47757339477539,
      16.14691925048828,
      16.299413681030273,
      1.2574803829193115,
      15.914679527282715,
      62.38633728027344,
      -16.18495750427246,
      -48.35154724121094,
      -69.929931640625,
      11.143779754638672,
      -28.58740997314453,
      1.081066370010376,
      25.56067657470703,
      813.560546875,
      831.0220336914062,
      714.6859741210938,
      -4.738304615020752
    ],
    "Healthcare": [
      160.7039337158203,
      -26.859106063842773,
      -63.2572021484375,
      -108.25676727294922,
      33.52682113647461,
      29.504302978515625,
      29.626005172729492,
      24.955339431762695,
      22.401336669921875,
      9.377116203308105,
      -30.377674102783203,
      3.523754596710205,
      5.737691402435303,
      56.07811737060547,
      5.071835994720459,
      9.118133544921875,
      -4.64886999130249,
      72.62991333007812,
      1.1128276586532593,
      11.254059791564941,
      77.5064926147461,
      11.996813774108887,
      32.225196838378906,
      -25.273958206176758,
      33.38877868652344,
      19.196496963500977,
      -380.6722106933594,
      96.19620513916016,
      58.93247985839844,
      6.432729721069336,
      511.8445739746094,
      60.74126434326172,
      33.88751983642578
    ]
  },
  "individual_agent_losses": {
    "Financials": [],
    "Technology": [],
    "Consumer Discretionary": [],
    "Energy": [],
    "Healthcare": []
  }
}