{
  "MARL_QMIX": {
    "description": "Multi-Agent RL with QMIX mixing network",
    "training_metrics": {
      "mean_return": 52.59556266033288,
      "std_return": 229.0616942065864,
      "min_return": -352.3023681640625,
      "max_return": 695.7153930664062,
      "median_return": 29.531787872314453,
      "sharpe_ratio": 0.22961308673853578
    },
    "total_episodes": 33,
    "total_timesteps": 15312,
    "avg_return": 52.59556266033288,
    "sector_performance": {
      "Financials": [
        64.89702606201172,
        -49.589324951171875,
        19.104503631591797,
        26.810970306396484,
        33.57316589355469,
        11.261236190795898,
        11.033337593078613,
        -30.175798416137695,
        28.359540939331055,
        9.081413269042969,
        -4.836620330810547,
        62.451927185058594,
        -20.432279586791992,
        72.4620590209961,
        150.19276428222656,
        -11.634451866149902,
        601.7107543945312,
        3.0323007106781006,
        5.473064422607422,
        -427.47998046875,
        -159.72425842285156,
        28.619155883789062,
        -15.173018455505371,
        84.37063598632812,
        279.4841003417969,
        5.3209614753723145,
        10.465373992919922,
        -27.407014846801758,
        -0.6143664121627808,
        -6.19008731842041,
        17.90489387512207,
        7.426408290863037,
        11.03846263885498
      ],
      "Technology": [
        1.7717058658599854,
        -2.0390586853027344,
        -11.441654205322266,
        -15.650867462158203,
        5.81421422958374,
        -16.956012725830078,
        -23.67021942138672,
        -70.109375,
        -1.3933024406433105,
        -26.592575073242188,
        -12.533340454101562,
        -360.6385803222656,
        -7.482790470123291,
        3.474212169647217,
        5.852579116821289,
        -5.657055854797363,
        2.851989269256592,
        -202.23480224609375,
        4.591027736663818,
        -58.216033935546875,
        -141.00489807128906,
        -2.273498058319092,
        0.011920928955078125,
        -16.219486236572266,
        16.109424591064453,
        -11.096120834350586,
        -156.14393615722656,
        -6.849863529205322,
        -46.96961212158203,
        5.124645233154297,
        -66.99930572509766,
        -56.45467758178711,
        -72.16789245605469
      ],
      "Consumer Discretionary": [
        3.9368865489959717,
        39.539573669433594,
        14.332483291625977,
        2.573115348815918,
        -8.993791580200195,
        4.022446155548096,
        8.693672180175781,
        73.9720230102539,
        16.466777801513672,
        13.693110466003418,
        7.844764232635498,
        6.642951488494873,
        8.276602745056152,
        -24.511362075805664,
        203.850341796875,
        -38.85710906982422,
        -1.5861034393310547,
        12.969744682312012,
        14.81246566772461,
        54.15250015258789,
        8.095917701721191,
        -10.104920387268066,
        123.75550842285156,
        14.099502563476562,
        4.470537185668945,
        7.747704029083252,
        94.79582977294922,
        -1.9121549129486084,
        -8.12802791595459,
        68.51271057128906,
        3.1638104915618896,
        8.046063423156738,
        13.725467681884766
      ],
      "Energy": [
        -51.69172668457031,
        0.6965842247009277,
        19.0584774017334,
        61.30989456176758,
        14.686025619506836,
        -19.531635284423828,
        -3.9439144134521484,
        -11.929420471191406,
        90.93836212158203,
        347.2308044433594,
        -7.9218645095825195,
        -14.543280601501465,
        8.907857894897461,
        -3.936354637145996,
        162.32919311523438,
        14.27676773071289,
        15.348934173583984,
        74.88333129882812,
        74.20592498779297,
        10.823148727416992,
        -22.98291778564453,
        38.447601318359375,
        9.706155776977539,
        -64.83999633789062,
        -50.789955139160156,
        31.62611198425293,
        8.792203903198242,
        5.924252510070801,
        2.1685287952423096,
        5.848541259765625,
        117.71803283691406,
        -0.9451591372489929,
        34.53102111816406
      ],
      "Healthcare": [
        18.788658142089844,
        17.27189064025879,
        19.831411361694336,
        386.353759765625,
        51.07518768310547,
        1.6775935888290405,
        -7.042520999908447,
        -12.139610290527344,
        5.274027347564697,
        -1.9907619953155518,
        22.934492111206055,
        19.437612533569336,
        40.26243591308594,
        30.00188636779785,
        173.49046325683594,
        -16.526975631713867,
        -8.907634735107422,
        38.084442138671875,
        48.32573318481445,
        72.0669174194336,
        16.79086685180664,
        12.114145278930664,
        12.928861618041992,
        37.49381637573242,
        32.76459884643555,
        -24.515193939208984,
        27.526439666748047,
        -6.61306095123291,
        -100.22404479980469,
        39.2054557800293,
        -10.166397094726562,
        -310.3749084472656,
        30.330352783203125
      ]
    },
    "advantages": [
      "Sector specialization",
      "Coordination through QMIX",
      "Scalable to larger stock universes",
      "Interpretable sector-level decisions"
    ]
  },
  "Single_Agent_PPO": {
    "description": "Single PPO agent for all stocks",
    "training_metrics": {
      "mean_return": -35.275901794433594,
      "std_return": 29.302173614501953
    },
    "n_episodes": 5,
    "limitations": [
      "Action space explosion (3^50)",
      "No sector specialization",
      "Harder to interpret",
      "Poor scalability"
    ]
  },
  "Independent_Learning": {
    "description": "Independent Q-Learning per sector (no coordination)",
    "training_metrics": {
      "mean_return": 315.7656346234408,
      "std_return": 931.2669154910835,
      "min_return": -580.6328125,
      "max_return": 3414.401611328125,
      "median_return": 23.248140335083008,
      "sharpe_ratio": 0.33907103255883264
    },
    "total_episodes": 33,
    "total_timesteps": 15312,
    "avg_return": 315.7656346234408,
    "sector_performance": {
      "Financials": [
        33.23834228515625,
        -6.416523456573486,
        -38.6402587890625,
        -177.5535125732422,
        118.13133239746094,
        25.227628707885742,
        -135.58433532714844,
        12.77192497253418,
        2.8152151107788086,
        -56.06673049926758,
        -59.20471954345703,
        3490.442138671875,
        7.787076950073242,
        -132.11187744140625,
        38.22931671142578,
        21.95045280456543,
        -12.88700008392334,
        -19.212888717651367,
        -112.1456069946289,
        29.571550369262695,
        -27.369428634643555,
        2901.64111328125,
        60.6671142578125,
        29.340171813964844,
        460.3760986328125,
        43.013126373291016,
        -3.1407761573791504,
        13.725351333618164,
        6.182374000549316,
        14.266878128051758,
        765.4779663085938,
        45.56037521362305,
        58.973472595214844
      ],