strategy,final_value,total_days,Cumulative_Return,Sharpe_Ratio,Max_Drawdown
Core_GNN_RL,12742.256559591862,501,0.27422565595918624,1.3246806225891081,0.09163372530963072
